{"claude-3-opus": {"scores": [18], "average": 0.782608695652174}, "claude-3-sonnet": {"scores": [18], "average": 0.782608695652174}, "claude-3-haiku": {"scores": [19], "average": 0.8260869565217391}}