{"mistral7B": {"scores": [13, 11, 13, 13, 12], "average": 0.5391304347826087}, "mistral-7B-RAG2kparagraph": {"scores": [12, 10, 13, 13, 12], "average": 0.5217391304347826}, "mistral-7B-RAG4kparagraph": {"scores": [13, 11, 10, 12, 13], "average": 0.5130434782608695}, "mistral-7B-RAG2kpage": {"scores": [15, 11, 11, 12, 13], "average": 0.5391304347826087}, "mistral-7B-RAG4kpage": {"scores": [13, 10, 12, 11, 12], "average": 0.5043478260869565}, "mistral7B-ft": {"scores": [14, 11, 9, 13, 9], "average": 0.48695652173913045}, "mistral7B-ft-RAG2kparagraph": {"scores": [10, 10, 9, 12, 11], "average": 0.45217391304347826}, "mixtral8x7B": {"scores": [19, 14, 14, 17, 18], "average": 0.7130434782608696}, "mixtral-8x7B-RAG2kparagraph": {"scores": [13, 17, 13, 17, 14], "average": 0.6434782608695652}, "mixtral-8x7B-RAG4kparagraph": {"scores": [17, 18, 13, 12, 13], "average": 0.6347826086956522}, "mixtral-8x7B-RAG2kpage": {"scores": [19, 19, 18, 18, 19], "average": 0.808695652173913}, "mixtral-8x7B-RAG4kpage": {"scores": [14, 14, 15, 14, 14], "average": 0.6173913043478261}, "llama-3-70B": {"scores": [16, 17, 17, 15, 17], "average": 0.7130434782608696}}