{"mixtral-8*7B": {"scores": [15, 16, 14], "average": 0.6521739130434783}, "mixtral-8*7B-RAG2k": {"scores": [17, 18, 16], "average": 0.7391304347826086}, "mistral7B": {"scores": [13, 12, 14], "average": 0.5652173913043478}, "mistral7B-RAG2k": {"scores": [11, 14, 12], "average": 0.5362318840579711}, "mistral7B-ft": {"scores": [11, 9, 13], "average": 0.4782608695652174}, "mistral7B-ft-RAG2k": {"scores": [14, 14, 12], "average": 0.5797101449275363}}